scheduler,scenario_id,source,seed,vehicles,duration_s,generated_packets,delivered_packets,failed_attempts,deadline_dropped_packets,overflow_dropped_packets,remaining_packets,goodput_mbps,packet_delivery_ratio,scheduled_outage_fraction,availability_outage_fraction,mean_latency_ms,p95_latency_ms,deadline_miss_ratio,jain_fairness,switch_count,prediction_horizon_steps
reactive_greedy,synthetic-20260827,controlled_synthetic_motion,20260827,5,12.0,3587,2802,327,610,0,175,2.802,0.7811541678282687,0.0,0.2,241.50606709493218,700.0000000000001,0.1700585447449122,0.5035101783242929,107,3
predictive_utility,synthetic-20260827,controlled_synthetic_motion,20260827,5,12.0,3587,2652,249,739,0,196,2.652,0.7393364928909952,0.0,0.2,536.4630467571644,1000.0,0.2060217451909674,0.5114170179440511,86,3
link_lifetime,synthetic-20260827,controlled_synthetic_motion,20260827,5,12.0,3587,2886,768,488,0,213,2.886,0.8045720657931419,0.0,0.2,300.55440055440056,700.0000000000001,0.13604683579592974,0.5277906731377928,114,3
oracle,synthetic-20260827,controlled_synthetic_motion,20260827,5,12.0,3587,2652,249,739,0,196,2.652,0.7393364928909952,0.0,0.2,536.4630467571644,1000.0,0.2060217451909674,0.5114170179440511,86,3
reactive_greedy,synthetic-20260828,controlled_synthetic_motion,20260828,5,12.0,3506,1622,287,1624,0,260,1.622,0.46263548203080435,0.0,0.025,274.5992601726264,900.0,0.4632059326868226,0.6698332599225495,111,3
predictive_utility,synthetic-20260828,controlled_synthetic_motion,20260828,5,12.0,3506,1630,2152,1603,0,273,1.63,0.46491728465487736,0.0,0.025,724.5398773006135,1400.0000000000002,0.4572162007986309,0.8075880264565704,94,3
link_lifetime,synthetic-20260828,controlled_synthetic_motion,20260828,5,12.0,3506,1555,2886,1663,0,288,1.555,0.4435253850541928,0.0,0.025,822.9581993569132,1400.0000000000002,0.47432972047917854,0.8207420205047613,76,3
oracle,synthetic-20260828,controlled_synthetic_motion,20260828,5,12.0,3506,1630,2152,1603,0,273,1.63,0.46491728465487736,0.0,0.025,724.5398773006135,1400.0000000000002,0.4572162007986309,0.8075880264565704,94,3
reactive_greedy,synthetic-20260829,controlled_synthetic_motion,20260829,5,12.0,3487,2224,124,1073,0,190,2.224,0.6377975336965873,0.0,0.18666666666666668,234.3974820143885,600.0000000000001,0.3077143676512762,0.6021773060524823,110,3
predictive_utility,synthetic-20260829,controlled_synthetic_motion,20260829,5,12.0,3487,2286,1245,997,0,204,2.286,0.6555778606251792,0.0,0.18666666666666668,401.4435695538058,900.0,0.2859191281904216,0.6441627406459629,91,3
link_lifetime,synthetic-20260829,controlled_synthetic_motion,20260829,5,12.0,3487,2273,1578,1026,0,188,2.273,0.6518497275595068,0.0,0.18666666666666668,458.6449626044875,1100.0,0.29423573272153714,0.6386461247877733,96,3
oracle,synthetic-20260829,controlled_synthetic_motion,20260829,5,12.0,3487,2286,1245,997,0,204,2.286,0.6555778606251792,0.0,0.18666666666666668,401.4435695538058,900.0,0.2859191281904216,0.6441627406459629,91,3
reactive_greedy,synthetic-20260830,controlled_synthetic_motion,20260830,5,12.0,3597,2482,269,945,0,170,2.482,0.6900194606616625,0.0,0.2,269.5004029008864,794.9999999999818,0.2627189324437031,0.6490639115212268,119,3
predictive_utility,synthetic-20260830,controlled_synthetic_motion,20260830,5,12.0,3597,2641,642,771,0,185,2.641,0.7342229635807618,0.0,0.2,390.3445664521015,900.0,0.21434528773978315,0.6940010915156795,106,3
link_lifetime,synthetic-20260830,controlled_synthetic_motion,20260830,5,12.0,3597,2759,777,693,0,145,2.759,0.7670280789546845,0.0,0.2,340.92062341428056,900.0,0.1926605504587156,0.7098984171541415,112,3
oracle,synthetic-20260830,controlled_synthetic_motion,20260830,5,12.0,3597,2641,642,771,0,185,2.641,0.7342229635807618,0.0,0.2,390.3445664521015,900.0,0.21434528773978315,0.6940010915156795,106,3
reactive_greedy,synthetic-20260831,controlled_synthetic_motion,20260831,5,12.0,3507,3222,3,222,0,63,3.222,0.9187339606501284,0.0,0.023333333333333334,235.53693358162633,500.0,0.06330196749358426,0.6193447927778295,118,3
predictive_utility,synthetic-20260831,controlled_synthetic_motion,20260831,5,12.0,3507,3308,44,129,0,70,3.308,0.9432563444539492,0.0,0.023333333333333334,326.360338573156,600.0000000000001,0.036783575705731396,0.6546349062394188,117,3
link_lifetime,synthetic-20260831,controlled_synthetic_motion,20260831,5,12.0,3507,3311,136,124,0,72,3.311,0.9441117764471058,0.0,0.023333333333333334,258.86439142253096,500.0,0.035357855717137156,0.6515618894052081,118,3
oracle,synthetic-20260831,controlled_synthetic_motion,20260831,5,12.0,3507,3308,44,129,0,70,3.308,0.9432563444539492,0.0,0.023333333333333334,326.360338573156,600.0000000000001,0.036783575705731396,0.6546349062394188,117,3
reactive_greedy,synthetic-20260832,controlled_synthetic_motion,20260832,5,12.0,3513,2183,87,1178,0,152,2.183,0.6214062055223456,0.0,0.265,199.58772331653688,500.0,0.33532593225163676,0.4382262348734355,94,3
predictive_utility,synthetic-20260832,controlled_synthetic_motion,20260832,5,12.0,3513,2287,611,1054,0,172,2.287,0.6510105323085682,0.0,0.265,304.4162658504591,700.0000000000001,0.3000284656988329,0.4789783188314486,93,3
link_lifetime,synthetic-20260832,controlled_synthetic_motion,20260832,5,12.0,3513,2306,884,1055,0,152,2.306,0.6564190150868204,0.0,0.265,303.77276669557676,800.0,0.300313122687162,0.4716955324235261,106,3
oracle,synthetic-20260832,controlled_synthetic_motion,20260832,5,12.0,3513,2287,611,1054,0,172,2.287,0.6510105323085682,0.0,0.265,304.4162658504591,700.0000000000001,0.3000284656988329,0.4789783188314486,93,3
reactive_greedy,synthetic-20260833,controlled_synthetic_motion,20260833,5,12.0,3568,1392,373,1931,0,245,1.392,0.3901345291479821,0.0,0.45166666666666666,266.16379310344826,900.0,0.5411995515695067,0.3932490684591218,74,3
predictive_utility,synthetic-20260833,controlled_synthetic_motion,20260833,5,12.0,3568,1419,452,1902,0,247,1.419,0.3977017937219731,0.0,0.45166666666666666,327.6250880902044,1000.0,0.5330717488789237,0.40740509933928926,47,3
link_lifetime,synthetic-20260833,controlled_synthetic_motion,20260833,5,12.0,3568,1492,708,1831,0,245,1.492,0.41816143497757846,0.0,0.45166666666666666,301.87667560321717,900.0,0.5131726457399103,0.42585920267522187,68,3
oracle,synthetic-20260833,controlled_synthetic_motion,20260833,5,12.0,3568,1419,452,1902,0,247,1.419,0.3977017937219731,0.0,0.45166666666666666,327.6250880902044,1000.0,0.5330717488789237,0.40740509933928926,47,3
reactive_greedy,synthetic-20260834,controlled_synthetic_motion,20260834,5,12.0,3640,2745,52,801,0,94,2.745,0.7541208791208791,0.0,0.2966666666666667,209.39890710382514,500.0,0.22005494505494505,0.5043546039524268,115,3
predictive_utility,synthetic-20260834,controlled_synthetic_motion,20260834,5,12.0,3640,2618,685,794,0,228,2.618,0.7192307692307692,0.0,0.2966666666666667,467.7616501145913,1000.0,0.21813186813186813,0.5343336152895638,98,3
link_lifetime,synthetic-20260834,controlled_synthetic_motion,20260834,5,12.0,3640,2722,748,782,0,136,2.722,0.7478021978021978,0.0,0.2966666666666667,296.21601763409257,700.0000000000001,0.21483516483516482,0.5178308269809642,108,3
oracle,synthetic-20260834,controlled_synthetic_motion,20260834,5,12.0,3640,2618,685,794,0,228,2.618,0.7192307692307692,0.0,0.2966666666666667,467.7616501145913,1000.0,0.21813186813186813,0.5343336152895638,98,3
reactive_greedy,synthetic-20260835,controlled_synthetic_motion,20260835,5,12.0,3492,2158,213,1184,0,150,2.158,0.6179839633447881,0.0,0.2,234.6153846153846,600.0000000000001,0.33906071019473083,0.5191351322428104,114,3
predictive_utility,synthetic-20260835,controlled_synthetic_motion,20260835,5,12.0,3492,2046,2359,1210,0,236,2.046,0.5859106529209622,0.0,0.2,568.377321603128,1000.0,0.3465063001145475,0.5157341369331055,93,3
link_lifetime,synthetic-20260835,controlled_synthetic_motion,20260835,5,12.0,3492,2036,2567,1220,0,236,2.036,0.5830469644902635,0.0,0.2,580.3045186640471,1000.0,0.34936998854524626,0.510205975568479,87,3
oracle,synthetic-20260835,controlled_synthetic_motion,20260835,5,12.0,3492,2046,2359,1210,0,236,2.046,0.5859106529209622,0.0,0.2,568.377321603128,1000.0,0.3465063001145475,0.5157341369331055,93,3
reactive_greedy,synthetic-20260836,controlled_synthetic_motion,20260836,5,12.0,3635,2502,567,1039,0,94,2.502,0.6883081155433287,0.0,0.4166666666666667,281.0951239008793,1000.0,0.2858321870701513,0.34117791326783375,57,3
predictive_utility,synthetic-20260836,controlled_synthetic_motion,20260836,5,12.0,3635,2531,1531,1010,0,94,2.531,0.6962861072902339,0.0,0.4166666666666667,420.6637692611616,1100.0,0.27785419532324623,0.3523554356217233,84,3
link_lifetime,synthetic-20260836,controlled_synthetic_motion,20260836,5,12.0,3635,2556,1639,981,0,98,2.556,0.7031636863823933,0.0,0.4166666666666667,440.29733959311426,1100.0,0.2698762035763411,0.35326985459081733,86,3
oracle,synthetic-20260836,controlled_synthetic_motion,20260836,5,12.0,3635,2531,1531,1010,0,94,2.531,0.6962861072902339,0.0,0.4166666666666667,420.6637692611616,1100.0,0.27785419532324623,0.3523554356217233,84,3
reactive_greedy,synthetic-20260837,controlled_synthetic_motion,20260837,5,12.0,3554,1575,127,1631,0,348,1.575,0.44316263365222286,0.0,0.265,229.0793650793651,500.0,0.45891952729319074,0.7251519000477954,81,3
predictive_utility,synthetic-20260837,controlled_synthetic_motion,20260837,5,12.0,3554,1591,126,1615,0,348,1.591,0.447664603263928,0.0,0.265,264.80201131363924,700.0000000000001,0.4544175576814857,0.7333528408835761,73,3
link_lifetime,synthetic-20260837,controlled_synthetic_motion,20260837,5,12.0,3554,1683,1400,1528,0,343,1.683,0.47355092853123243,0.0,0.265,334.9970291146762,800.0,0.42993809791783905,0.7490196596938593,92,3
oracle,synthetic-20260837,controlled_synthetic_motion,20260837,5,12.0,3554,1591,126,1615,0,348,1.591,0.447664603263928,0.0,0.265,264.80201131363924,700.0000000000001,0.4544175576814857,0.7333528408835761,73,3
reactive_greedy,synthetic-20260838,controlled_synthetic_motion,20260838,5,12.0,3618,2609,359,899,0,110,2.609,0.7211166390270868,0.0,0.27666666666666667,280.7589114603296,900.0,0.24847982310668879,0.4608796272002952,92,3
predictive_utility,synthetic-20260838,controlled_synthetic_motion,20260838,5,12.0,3618,2640,768,857,0,121,2.64,0.7296849087893864,0.0,0.27666666666666667,362.15909090909093,1000.0,0.23687119955776673,0.4869797070827123,99,3
link_lifetime,synthetic-20260838,controlled_synthetic_motion,20260838,5,12.0,3618,2667,913,841,0,110,2.667,0.7371475953565506,0.0,0.27666666666666667,335.09561304836893,900.0,0.23244886677722498,0.47021069906343116,103,3
oracle,synthetic-20260838,controlled_synthetic_motion,20260838,5,12.0,3618,2640,772,857,0,121,2.64,0.7296849087893864,0.0,0.27666666666666667,362.31060606060606,1000.0,0.23687119955776673,0.4869797070827123,100,3
reactive_greedy,synthetic-20260827,controlled_synthetic_motion,20260827,5,12.0,3587,2802,327,610,0,175,2.802,0.7811541678282687,0.0,0.2,241.50606709493218,700.0000000000001,0.1700585447449122,0.5035101783242929,107,5
predictive_utility,synthetic-20260827,controlled_synthetic_motion,20260827,5,12.0,3587,2652,249,739,0,196,2.652,0.7393364928909952,0.0,0.2,536.4630467571644,1000.0,0.2060217451909674,0.5114170179440511,86,5
link_lifetime,synthetic-20260827,controlled_synthetic_motion,20260827,5,12.0,3587,2864,459,542,0,181,2.864,0.7984388068023418,0.0,0.2,306.49441340782124,600.0000000000001,0.1511011987733482,0.5210213229787507,112,5
oracle,synthetic-20260827,controlled_synthetic_motion,20260827,5,12.0,3587,2652,249,739,0,196,2.652,0.7393364928909952,0.0,0.2,536.4630467571644,1000.0,0.2060217451909674,0.5114170179440511,86,5
reactive_greedy,synthetic-20260828,controlled_synthetic_motion,20260828,5,12.0,3506,1622,287,1624,0,260,1.622,0.46263548203080435,0.0,0.025,274.5992601726264,900.0,0.4632059326868226,0.6698332599225495,111,5
predictive_utility,synthetic-20260828,controlled_synthetic_motion,20260828,5,12.0,3506,1622,2107,1595,0,289,1.622,0.46263548203080435,0.0,0.025,687.7928483353884,1300.0,0.4549343981745579,0.7983262023972083,88,5
link_lifetime,synthetic-20260828,controlled_synthetic_motion,20260828,5,12.0,3506,1668,2661,1567,0,271,1.668,0.4757558471192242,0.0,0.025,797.6618705035971,1400.0000000000002,0.44694808899030236,0.8251034261870657,82,5
oracle,synthetic-20260828,controlled_synthetic_motion,20260828,5,12.0,3506,1622,2107,1595,0,289,1.622,0.46263548203080435,0.0,0.025,687.7928483353884,1300.0,0.4549343981745579,0.7983262023972083,88,5
reactive_greedy,synthetic-20260829,controlled_synthetic_motion,20260829,5,12.0,3487,2224,124,1073,0,190,2.224,0.6377975336965873,0.0,0.18666666666666668,234.3974820143885,600.0000000000001,0.3077143676512762,0.6021773060524823,110,5
predictive_utility,synthetic-20260829,controlled_synthetic_motion,20260829,5,12.0,3487,2251,1232,1032,0,204,2.251,0.6455405792945225,0.0,0.18666666666666668,413.8605064415815,1000.0,0.29595640952107827,0.6415439847508304,91,5
link_lifetime,synthetic-20260829,controlled_synthetic_motion,20260829,5,12.0,3487,2213,1546,1076,0,198,2.213,0.6346429595640952,0.008333333333333333,0.18666666666666668,463.1269769543606,1100.0,0.30857470605104675,0.6395523601386616,91,5
oracle,synthetic-20260829,controlled_synthetic_motion,20260829,5,12.0,3487,2251,1232,1032,0,204,2.251,0.6455405792945225,0.0,0.18666666666666668,413.8605064415815,1000.0,0.29595640952107827,0.6415439847508304,91,5
reactive_greedy,synthetic-20260830,controlled_synthetic_motion,20260830,5,12.0,3597,2482,269,945,0,170,2.482,0.6900194606616625,0.0,0.2,269.5004029008864,794.9999999999818,0.2627189324437031,0.6490639115212268,119,5
predictive_utility,synthetic-20260830,controlled_synthetic_motion,20260830,5,12.0,3597,2698,686,745,0,154,2.698,0.7500695023630803,0.0,0.2,393.180133432172,900.0,0.2071170419794273,0.6971556196600228,103,5
link_lifetime,synthetic-20260830,controlled_synthetic_motion,20260830,5,12.0,3597,2725,741,704,0,168,2.725,0.7575757575757576,0.0,0.2,342.60550458715596,800.0,0.19571865443425077,0.7079342501223884,113,5
oracle,synthetic-20260830,controlled_synthetic_motion,20260830,5,12.0,3597,2698,686,745,0,154,2.698,0.7500695023630803,0.0,0.2,393.180133432172,900.0,0.2071170419794273,0.6971556196600228,103,5
reactive_greedy,synthetic-20260831,controlled_synthetic_motion,20260831,5,12.0,3507,3222,3,222,0,63,3.222,0.9187339606501284,0.0,0.023333333333333334,235.53693358162633,500.0,0.06330196749358426,0.6193447927778295,118,5
predictive_utility,synthetic-20260831,controlled_synthetic_motion,20260831,5,12.0,3507,3306,44,130,0,71,3.306,0.9426860564585116,0.0,0.023333333333333334,323.5329703569268,600.0000000000001,0.03706871970345024,0.6496698342840941,117,5
link_lifetime,synthetic-20260831,controlled_synthetic_motion,20260831,5,12.0,3507,3310,159,128,0,69,3.31,0.9438266324493869,0.0,0.023333333333333334,266.19335347432025,500.0,0.03649843170801255,0.653529390360947,118,5
oracle,synthetic-20260831,controlled_synthetic_motion,20260831,5,12.0,3507,3306,44,130,0,71,3.306,0.9426860564585116,0.0,0.023333333333333334,323.5329703569268,600.0000000000001,0.03706871970345024,0.6496698342840941,117,5
reactive_greedy,synthetic-20260832,controlled_synthetic_motion,20260832,5,12.0,3513,2183,87,1178,0,152,2.183,0.6214062055223456,0.0,0.265,199.58772331653688,500.0,0.33532593225163676,0.4382262348734355,94,5
predictive_utility,synthetic-20260832,controlled_synthetic_motion,20260832,5,12.0,3513,2274,611,1067,0,172,2.274,0.6473099914602903,0.0,0.265,304.4415127528584,734.999999999991,0.3037290065471107,0.47532247642036235,92,5
link_lifetime,synthetic-20260832,controlled_synthetic_motion,20260832,5,12.0,3513,2284,710,1057,0,172,2.284,0.650156561343581,0.0,0.265,290.49912434325745,800.0,0.3008824366638201,0.47767594458703533,108,5
oracle,synthetic-20260832,controlled_synthetic_motion,20260832,5,12.0,3513,2274,611,1067,0,172,2.274,0.6473099914602903,0.0,0.265,304.4415127528584,734.999999999991,0.3037290065471107,0.47532247642036235,92,5
reactive_greedy,synthetic-20260833,controlled_synthetic_motion,20260833,5,12.0,3568,1392,373,1931,0,245,1.392,0.3901345291479821,0.0,0.45166666666666666,266.16379310344826,900.0,0.5411995515695067,0.3932490684591218,74,5
predictive_utility,synthetic-20260833,controlled_synthetic_motion,20260833,5,12.0,3568,1419,457,1895,0,254,1.419,0.3977017937219731,0.0,0.45166666666666666,322.12825933756164,1000.0,0.531109865470852,0.4046053484252819,49,5
link_lifetime,synthetic-20260833,controlled_synthetic_motion,20260833,5,12.0,3568,1474,660,1849,0,245,1.474,0.4131165919282511,0.0,0.45166666666666666,313.43283582089555,934.9999999999909,0.5182174887892377,0.4180192590739868,67,5
oracle,synthetic-20260833,controlled_synthetic_motion,20260833,5,12.0,3568,1426,458,1895,0,247,1.426,0.39966367713004486,0.0,0.45166666666666666,326.71809256661993,1000.0,0.531109865470852,0.40583564011423806,49,5
reactive_greedy,synthetic-20260834,controlled_synthetic_motion,20260834,5,12.0,3640,2745,52,801,0,94,2.745,0.7541208791208791,0.0,0.2966666666666667,209.39890710382514,500.0,0.22005494505494505,0.5043546039524268,115,5
predictive_utility,synthetic-20260834,controlled_synthetic_motion,20260834,5,12.0,3640,2619,669,779,0,242,2.619,0.7195054945054945,0.0,0.2966666666666667,431.5005727376861,800.0,0.214010989010989,0.530652283147679,98,5
link_lifetime,synthetic-20260834,controlled_synthetic_motion,20260834,5,12.0,3640,2741,721,773,0,126,2.741,0.753021978021978,0.0,0.2966666666666667,322.58299890550893,700.0000000000001,0.21236263736263736,0.5202869199422587,104,5
oracle,synthetic-20260834,controlled_synthetic_motion,20260834,5,12.0,3640,2680,672,779,0,181,2.68,0.7362637362637363,0.0,0.2966666666666667,438.65671641791045,900.0,0.214010989010989,0.5235783001929595,99,5
reactive_greedy,synthetic-20260835,controlled_synthetic_motion,20260835,5,12.0,3492,2158,213,1184,0,150,2.158,0.6179839633447881,0.0,0.2,234.6153846153846,600.0000000000001,0.33906071019473083,0.5191351322428104,114,5
predictive_utility,synthetic-20260835,controlled_synthetic_motion,20260835,5,12.0,3492,2046,2359,1210,0,236,2.046,0.5859106529209622,0.0,0.2,568.377321603128,1000.0,0.3465063001145475,0.5157341369331055,93,5
link_lifetime,synthetic-20260835,controlled_synthetic_motion,20260835,5,12.0,3492,2014,2573,1219,0,259,2.014,0.5767468499427262,0.0,0.2,554.369414101291,1000.0,0.3490836197021764,0.5138881181784205,88,5
oracle,synthetic-20260835,controlled_synthetic_motion,20260835,5,12.0,3492,2046,2359,1210,0,236,2.046,0.5859106529209622,0.0,0.2,568.377321603128,1000.0,0.3465063001145475,0.5157341369331055,93,5
reactive_greedy,synthetic-20260836,controlled_synthetic_motion,20260836,5,12.0,3635,2502,567,1039,0,94,2.502,0.6883081155433287,0.0,0.4166666666666667,281.0951239008793,1000.0,0.2858321870701513,0.34117791326783375,57,5
predictive_utility,synthetic-20260836,controlled_synthetic_motion,20260836,5,12.0,3635,2554,1474,987,0,94,2.554,0.7026134800550207,0.0,0.4166666666666667,430.814408770556,1100.0,0.27152682255845945,0.35759385520524223,90,5
link_lifetime,synthetic-20260836,controlled_synthetic_motion,20260836,5,12.0,3635,2563,1632,974,0,98,2.563,0.7050894085281981,0.0,0.4166666666666667,437.4951229028482,1100.0,0.26795048143053646,0.353789984340855,84,5
oracle,synthetic-20260836,controlled_synthetic_motion,20260836,5,12.0,3635,2554,1474,987,0,94,2.554,0.7026134800550207,0.0,0.4166666666666667,430.814408770556,1100.0,0.27152682255845945,0.35759385520524223,90,5
reactive_greedy,synthetic-20260837,controlled_synthetic_motion,20260837,5,12.0,3554,1575,127,1631,0,348,1.575,0.44316263365222286,0.0,0.265,229.0793650793651,500.0,0.45891952729319074,0.7251519000477954,81,5
predictive_utility,synthetic-20260837,controlled_synthetic_motion,20260837,5,12.0,3554,1570,130,1636,0,348,1.57,0.441755768148565,0.0,0.265,282.80254777070064,800.0,0.4603263927968486,0.7309059746945045,70,5
link_lifetime,synthetic-20260837,controlled_synthetic_motion,20260837,5,12.0,3554,1676,1097,1530,0,348,1.676,0.47158131682611143,0.0,0.265,303.69928400954655,800.0,0.4305008441193022,0.7462008251048649,91,5
oracle,synthetic-20260837,controlled_synthetic_motion,20260837,5,12.0,3554,1570,130,1636,0,348,1.57,0.441755768148565,0.0,0.265,282.80254777070064,800.0,0.4603263927968486,0.7309059746945045,70,5
reactive_greedy,synthetic-20260838,controlled_synthetic_motion,20260838,5,12.0,3618,2609,359,899,0,110,2.609,0.7211166390270868,0.0,0.27666666666666667,280.7589114603296,900.0,0.24847982310668879,0.4608796272002952,92,5
predictive_utility,synthetic-20260838,controlled_synthetic_motion,20260838,5,12.0,3618,2651,797,858,0,109,2.651,0.7327252625760089,0.0,0.27666666666666667,376.0844964164466,1000.0,0.23714759535655058,0.48433806348192276,97,5
link_lifetime,synthetic-20260838,controlled_synthetic_motion,20260838,5,12.0,3618,2682,858,826,0,110,2.682,0.7412935323383084,0.0,0.27666666666666667,345.7867263236391,900.0,0.2283029297954671,0.47495135348567874,104,5
oracle,synthetic-20260838,controlled_synthetic_motion,20260838,5,12.0,3618,2651,797,858,0,109,2.651,0.7327252625760089,0.0,0.27666666666666667,376.0844964164466,1000.0,0.23714759535655058,0.48433806348192276,97,5
reactive_greedy,synthetic-20260827,controlled_synthetic_motion,20260827,5,12.0,3587,2802,327,610,0,175,2.802,0.7811541678282687,0.0,0.2,241.50606709493218,700.0000000000001,0.1700585447449122,0.5035101783242929,107,10
predictive_utility,synthetic-20260827,controlled_synthetic_motion,20260827,5,12.0,3587,2691,296,701,0,195,2.691,0.7502090883746864,0.0,0.2,543.2181345224824,1000.0,0.1954279342068581,0.5070686955069528,90,10
link_lifetime,synthetic-20260827,controlled_synthetic_motion,20260827,5,12.0,3587,2822,354,580,0,185,2.822,0.7867298578199052,0.0,0.2,338.5896527285613,700.0000000000001,0.1616950097574575,0.5181981034654409,107,10
oracle,synthetic-20260827,controlled_synthetic_motion,20260827,5,12.0,3587,2691,296,701,0,195,2.691,0.7502090883746864,0.0,0.2,543.2181345224824,1000.0,0.1954279342068581,0.5070686955069528,90,10
reactive_greedy,synthetic-20260828,controlled_synthetic_motion,20260828,5,12.0,3506,1622,287,1624,0,260,1.622,0.46263548203080435,0.0,0.025,274.5992601726264,900.0,0.4632059326868226,0.6698332599225495,111,10
predictive_utility,synthetic-20260828,controlled_synthetic_motion,20260828,5,12.0,3506,1640,2146,1580,0,286,1.64,0.4677695379349686,0.0,0.025,697.0121951219512,1300.0,0.450656018254421,0.8036165133393289,95,10
link_lifetime,synthetic-20260828,controlled_synthetic_motion,20260828,5,12.0,3506,1653,2377,1589,0,264,1.653,0.4714774671990873,0.0,0.025,742.7102238354507,1300.0,0.4532230462065031,0.8323600057878744,86,10
oracle,synthetic-20260828,controlled_synthetic_motion,20260828,5,12.0,3506,1649,2211,1592,0,265,1.649,0.47033656588705075,0.0,0.025,738.9326864766525,1300.0,0.4540787221905305,0.8022436970699175,90,10
reactive_greedy,synthetic-20260829,controlled_synthetic_motion,20260829,5,12.0,3487,2224,124,1073,0,190,2.224,0.6377975336965873,0.0,0.18666666666666668,234.3974820143885,600.0000000000001,0.3077143676512762,0.6021773060524823,110,10
predictive_utility,synthetic-20260829,controlled_synthetic_motion,20260829,5,12.0,3487,2248,1211,1035,0,204,2.248,0.644680240894752,0.0,0.18666666666666668,428.02491103202846,1000.0,0.2968167479208489,0.6397188707739788,89,10
link_lifetime,synthetic-20260829,controlled_synthetic_motion,20260829,5,12.0,3487,2259,1496,1041,0,187,2.259,0.647834815027244,0.016666666666666666,0.18666666666666668,462.9039397963701,1100.0,0.29853742472039,0.6325750527912256,90,10
oracle,synthetic-20260829,controlled_synthetic_motion,20260829,5,12.0,3487,2248,1211,1035,0,204,2.248,0.644680240894752,0.0,0.18666666666666668,428.02491103202846,1000.0,0.2968167479208489,0.6397188707739788,89,10
reactive_greedy,synthetic-20260830,controlled_synthetic_motion,20260830,5,12.0,3597,2482,269,945,0,170,2.482,0.6900194606616625,0.0,0.2,269.5004029008864,794.9999999999818,0.2627189324437031,0.6490639115212268,119,10
predictive_utility,synthetic-20260830,controlled_synthetic_motion,20260830,5,12.0,3597,2658,620,759,0,180,2.658,0.7389491242702252,0.0,0.2,415.8765989465764,1000.0,0.21100917431192662,0.7050798944919656,95,10
link_lifetime,synthetic-20260830,controlled_synthetic_motion,20260830,5,12.0,3597,2699,697,721,0,177,2.699,0.7503475118154017,0.0,0.2,369.87773249351613,900.0,0.2004448151237142,0.7053783567221591,110,10
oracle,synthetic-20260830,controlled_synthetic_motion,20260830,5,12.0,3597,2658,620,759,0,180,2.658,0.7389491242702252,0.0,0.2,415.8765989465764,1000.0,0.21100917431192662,0.7050798944919656,95,10
reactive_greedy,synthetic-20260831,controlled_synthetic_motion,20260831,5,12.0,3507,3222,3,222,0,63,3.222,0.9187339606501284,0.0,0.023333333333333334,235.53693358162633,500.0,0.06330196749358426,0.6193447927778295,118,10
predictive_utility,synthetic-20260831,controlled_synthetic_motion,20260831,5,12.0,3507,3292,21,139,0,76,3.292,0.9386940404904477,0.0,0.023333333333333334,292.4665856622114,600.0000000000001,0.039635015682919876,0.6493182234865688,118,10
link_lifetime,synthetic-20260831,controlled_synthetic_motion,20260831,5,12.0,3507,3309,112,129,0,69,3.309,0.9435414884516681,0.0,0.023333333333333334,267.15019643396795,500.0,0.036783575705731396,0.6566923268611587,116,10
oracle,synthetic-20260831,controlled_synthetic_motion,20260831,5,12.0,3507,3292,21,139,0,76,3.292,0.9386940404904477,0.0,0.023333333333333334,292.4665856622114,600.0000000000001,0.039635015682919876,0.6493182234865688,118,10
reactive_greedy,synthetic-20260832,controlled_synthetic_motion,20260832,5,12.0,3513,2183,87,1178,0,152,2.183,0.6214062055223456,0.0,0.265,199.58772331653688,500.0,0.33532593225163676,0.4382262348734355,94,10
predictive_utility,synthetic-20260832,controlled_synthetic_motion,20260832,5,12.0,3513,2221,627,1084,0,208,2.221,0.63222317107885,0.0,0.265,319.40567312021614,800.0,0.3085681753487048,0.47561110476364027,85,10
link_lifetime,synthetic-20260832,controlled_synthetic_motion,20260832,5,12.0,3513,2261,682,1085,0,167,2.261,0.6436094506120126,0.0,0.265,290.3582485625829,800.0,0.30885283233703387,0.46708793736491705,99,10
oracle,synthetic-20260832,controlled_synthetic_motion,20260832,5,12.0,3513,2257,627,1084,0,172,2.257,0.6424708226586963,0.0,0.265,318.29862649534783,800.0,0.3085681753487048,0.4695588410838833,87,10
reactive_greedy,synthetic-20260833,controlled_synthetic_motion,20260833,5,12.0,3568,1392,373,1931,0,245,1.392,0.3901345291479821,0.0,0.45166666666666666,266.16379310344826,900.0,0.5411995515695067,0.3932490684591218,74,10
predictive_utility,synthetic-20260833,controlled_synthetic_motion,20260833,5,12.0,3568,1425,428,1898,0,245,1.425,0.3993834080717489,0.0,0.45166666666666666,325.82456140350877,1000.0,0.5319506726457399,0.4025427718731013,48,10
link_lifetime,synthetic-20260833,controlled_synthetic_motion,20260833,5,12.0,3568,1444,495,1878,0,246,1.444,0.4047085201793722,0.0,0.45166666666666666,302.35457063711914,900.0,0.5263452914798207,0.409384000706804,57,10
oracle,synthetic-20260833,controlled_synthetic_motion,20260833,5,12.0,3568,1425,428,1898,0,245,1.425,0.3993834080717489,0.0,0.45166666666666666,325.82456140350877,1000.0,0.5319506726457399,0.4025427718731013,48,10
reactive_greedy,synthetic-20260834,controlled_synthetic_motion,20260834,5,12.0,3640,2745,52,801,0,94,2.745,0.7541208791208791,0.0,0.2966666666666667,209.39890710382514,500.0,0.22005494505494505,0.5043546039524268,115,10
predictive_utility,synthetic-20260834,controlled_synthetic_motion,20260834,5,12.0,3640,2646,758,820,0,174,2.646,0.7269230769230769,0.0,0.2966666666666667,468.74527588813305,900.0,0.22527472527472528,0.5116081058566656,96,10
link_lifetime,synthetic-20260834,controlled_synthetic_motion,20260834,5,12.0,3640,2714,730,777,0,149,2.714,0.7456043956043956,0.0,0.2966666666666667,394.3994104642594,800.0,0.21346153846153845,0.518488359733611,102,10
oracle,synthetic-20260834,controlled_synthetic_motion,20260834,5,12.0,3640,2639,761,817,0,184,2.639,0.725,0.0,0.2966666666666667,470.59492231906023,900.0,0.22445054945054946,0.5107216911412864,97,10
reactive_greedy,synthetic-20260835,controlled_synthetic_motion,20260835,5,12.0,3492,2158,213,1184,0,150,2.158,0.6179839633447881,0.0,0.2,234.6153846153846,600.0000000000001,0.33906071019473083,0.5191351322428104,114,10
predictive_utility,synthetic-20260835,controlled_synthetic_motion,20260835,5,12.0,3492,2050,2406,1215,0,227,2.05,0.5870561282932417,0.0,0.2,577.0731707317074,1100.0,0.3479381443298969,0.5238346315457515,93,10
link_lifetime,synthetic-20260835,controlled_synthetic_motion,20260835,5,12.0,3492,2059,2480,1191,0,242,2.059,0.5896334478808706,0.0,0.2,554.8324429334629,1000.0,0.34106529209621994,0.5202222504452801,86,10
oracle,synthetic-20260835,controlled_synthetic_motion,20260835,5,12.0,3492,2050,2406,1215,0,227,2.05,0.5870561282932417,0.0,0.2,577.0731707317074,1100.0,0.3479381443298969,0.5238346315457515,93,10
reactive_greedy,synthetic-20260836,controlled_synthetic_motion,20260836,5,12.0,3635,2502,567,1039,0,94,2.502,0.6883081155433287,0.0,0.4166666666666667,281.0951239008793,1000.0,0.2858321870701513,0.34117791326783375,57,10
predictive_utility,synthetic-20260836,controlled_synthetic_motion,20260836,5,12.0,3635,2567,1541,974,0,94,2.567,0.7061898211829436,0.0,0.4166666666666667,438.2158161277756,1100.0,0.26795048143053646,0.3557905899319653,84,10
link_lifetime,synthetic-20260836,controlled_synthetic_motion,20260836,5,12.0,3635,2556,1676,981,0,98,2.556,0.7031636863823933,0.0,0.4166666666666667,447.57433489827855,1100.0,0.2698762035763411,0.3527045608776562,81,10
oracle,synthetic-20260836,controlled_synthetic_motion,20260836,5,12.0,3635,2567,1541,974,0,94,2.567,0.7061898211829436,0.0,0.4166666666666667,438.2158161277756,1100.0,0.26795048143053646,0.3557905899319653,84,10
reactive_greedy,synthetic-20260837,controlled_synthetic_motion,20260837,5,12.0,3554,1575,127,1631,0,348,1.575,0.44316263365222286,0.0,0.265,229.0793650793651,500.0,0.45891952729319074,0.7251519000477954,81,10
predictive_utility,synthetic-20260837,controlled_synthetic_motion,20260837,5,12.0,3554,1564,126,1642,0,348,1.564,0.44006752954417555,0.0,0.265,276.27877237851663,784.9999999999909,0.46201463140123805,0.723341790718168,71,10
link_lifetime,synthetic-20260837,controlled_synthetic_motion,20260837,5,12.0,3554,1587,926,1619,0,348,1.587,0.4465391108610017,0.0,0.265,303.65469439193447,900.0,0.4555430500844119,0.7287030540458042,78,10
oracle,synthetic-20260837,controlled_synthetic_motion,20260837,5,12.0,3554,1564,126,1642,0,348,1.564,0.44006752954417555,0.0,0.265,276.27877237851663,784.9999999999909,0.46201463140123805,0.723341790718168,71,10
reactive_greedy,synthetic-20260838,controlled_synthetic_motion,20260838,5,12.0,3618,2609,359,899,0,110,2.609,0.7211166390270868,0.0,0.27666666666666667,280.7589114603296,900.0,0.24847982310668879,0.4608796272002952,92,10
predictive_utility,synthetic-20260838,controlled_synthetic_motion,20260838,5,12.0,3618,2645,808,852,0,121,2.645,0.7310668877833056,0.0,0.27666666666666667,363.4026465028355,1000.0,0.23548922056384744,0.4754325071397869,102,10
link_lifetime,synthetic-20260838,controlled_synthetic_motion,20260838,5,12.0,3618,2666,893,840,0,112,2.666,0.7368711995577667,0.0,0.27666666666666667,354.1635408852213,1000.0,0.23217247097844113,0.4772679871368645,105,10
oracle,synthetic-20260838,controlled_synthetic_motion,20260838,5,12.0,3618,2645,808,852,0,121,2.645,0.7310668877833056,0.0,0.27666666666666667,363.4026465028355,1000.0,0.23548922056384744,0.4754325071397869,102,10
reactive_greedy,synthetic-20260827,controlled_synthetic_motion,20260827,5,12.0,3587,2802,327,610,0,175,2.802,0.7811541678282687,0.0,0.2,241.50606709493218,700.0000000000001,0.1700585447449122,0.5035101783242929,107,20
predictive_utility,synthetic-20260827,controlled_synthetic_motion,20260827,5,12.0,3587,2702,281,682,0,203,2.702,0.7532757178700864,0.0,0.2,536.5655070318282,1000.0,0.19013102871480345,0.5131765716410494,100,20
link_lifetime,synthetic-20260827,controlled_synthetic_motion,20260827,5,12.0,3587,2779,336,594,0,214,2.779,0.7747421243378868,0.0,0.2,387.29758906081327,800.0,0.165597992751603,0.5214181136266581,102,20
oracle,synthetic-20260827,controlled_synthetic_motion,20260827,5,12.0,3587,2702,281,682,0,203,2.702,0.7532757178700864,0.0,0.2,536.5655070318282,1000.0,0.19013102871480345,0.5131765716410494,100,20
reactive_greedy,synthetic-20260828,controlled_synthetic_motion,20260828,5,12.0,3506,1622,287,1624,0,260,1.622,0.46263548203080435,0.0,0.025,274.5992601726264,900.0,0.4632059326868226,0.6698332599225495,111,20
predictive_utility,synthetic-20260828,controlled_synthetic_motion,20260828,5,12.0,3506,1566,2123,1633,0,307,1.566,0.4466628636622932,0.0,0.025,720.6257982120051,1300.0,0.4657729606389047,0.8403717385493699,85,20
link_lifetime,synthetic-20260828,controlled_synthetic_motion,20260828,5,12.0,3506,1618,2413,1611,0,277,1.618,0.4614945807187678,0.0,0.025,732.3856613102596,1300.0,0.4594980034227039,0.8160992565113705,82,20
oracle,synthetic-20260828,controlled_synthetic_motion,20260828,5,12.0,3506,1608,2123,1624,0,274,1.608,0.45864232743867656,0.0,0.025,716.2935323383084,1300.0,0.4632059326868226,0.8173273147972537,85,20
reactive_greedy,synthetic-20260829,controlled_synthetic_motion,20260829,5,12.0,3487,2224,124,1073,0,190,2.224,0.6377975336965873,0.0,0.18666666666666668,234.3974820143885,600.0000000000001,0.3077143676512762,0.6021773060524823,110,20
predictive_utility,synthetic-20260829,controlled_synthetic_motion,20260829,5,12.0,3487,2207,1226,1076,0,204,2.207,0.6329222827645541,0.0,0.18666666666666668,427.9111916628908,1000.0,0.30857470605104675,0.6305669388074783,93,20
link_lifetime,synthetic-20260829,controlled_synthetic_motion,20260829,5,12.0,3487,2155,1510,1118,0,214,2.155,0.618009750501864,0.05,0.18666666666666668,498.7470997679814,1200.0000000000002,0.3206194436478348,0.6678394059079885,89,20
oracle,synthetic-20260829,controlled_synthetic_motion,20260829,5,12.0,3487,2207,1226,1076,0,204,2.207,0.6329222827645541,0.0,0.18666666666666668,427.9111916628908,1000.0,0.30857470605104675,0.6305669388074783,93,20
reactive_greedy,synthetic-20260830,controlled_synthetic_motion,20260830,5,12.0,3597,2482,269,945,0,170,2.482,0.6900194606616625,0.0,0.2,269.5004029008864,794.9999999999818,0.2627189324437031,0.6490639115212268,119,20
predictive_utility,synthetic-20260830,controlled_synthetic_motion,20260830,5,12.0,3597,2650,570,778,0,169,2.65,0.7367250486516541,0.0,0.2,393.50943396226415,900.0,0.2162913539060328,0.6946388422059494,105,20
link_lifetime,synthetic-20260830,controlled_synthetic_motion,20260830,5,12.0,3597,2682,715,766,0,149,2.682,0.7456213511259383,0.0,0.2,377.4049217002237,900.0,0.21295524047817627,0.6923848603944014,104,20
oracle,synthetic-20260830,controlled_synthetic_motion,20260830,5,12.0,3597,2650,570,778,0,169,2.65,0.7367250486516541,0.0,0.2,393.50943396226415,900.0,0.2162913539060328,0.6946388422059494,105,20
reactive_greedy,synthetic-20260831,controlled_synthetic_motion,20260831,5,12.0,3507,3222,3,222,0,63,3.222,0.9187339606501284,0.0,0.023333333333333334,235.53693358162633,500.0,0.06330196749358426,0.6193447927778295,118,20
predictive_utility,synthetic-20260831,controlled_synthetic_motion,20260831,5,12.0,3507,3287,21,152,0,68,3.287,0.9372683205018535,0.0,0.023333333333333334,288.8348037724369,600.0000000000001,0.043341887653264896,0.6423213738454409,118,20
link_lifetime,synthetic-20260831,controlled_synthetic_motion,20260831,5,12.0,3507,3311,220,129,0,67,3.311,0.9441117764471058,0.0,0.023333333333333334,290.0332225913621,600.0000000000001,0.036783575705731396,0.6512986648423741,115,20
oracle,synthetic-20260831,controlled_synthetic_motion,20260831,5,12.0,3507,3287,21,152,0,68,3.287,0.9372683205018535,0.0,0.023333333333333334,288.8348037724369,600.0000000000001,0.043341887653264896,0.6423213738454409,118,20
reactive_greedy,synthetic-20260832,controlled_synthetic_motion,20260832,5,12.0,3513,2183,87,1178,0,152,2.183,0.6214062055223456,0.0,0.265,199.58772331653688,500.0,0.33532593225163676,0.4382262348734355,94,20
predictive_utility,synthetic-20260832,controlled_synthetic_motion,20260832,5,12.0,3513,2121,727,1126,0,266,2.121,0.6037574722459437,0.0,0.265,344.22442244224425,800.0,0.32052376885852546,0.48079277823466887,81,20
link_lifetime,synthetic-20260832,controlled_synthetic_motion,20260832,5,12.0,3513,2264,713,1057,0,192,2.264,0.6444634215769998,0.0,0.265,327.8710247349823,800.0,0.3008824366638201,0.4787175660353745,95,20
oracle,synthetic-20260832,controlled_synthetic_motion,20260832,5,12.0,3513,2237,702,1124,0,152,2.237,0.636777682892115,0.0,0.265,336.70093875726417,800.0,0.31995445488186736,0.4521452002079942,89,20
reactive_greedy,synthetic-20260833,controlled_synthetic_motion,20260833,5,12.0,3568,1392,373,1931,0,245,1.392,0.3901345291479821,0.0,0.45166666666666666,266.16379310344826,900.0,0.5411995515695067,0.3932490684591218,74,20
predictive_utility,synthetic-20260833,controlled_synthetic_motion,20260833,5,12.0,3568,1411,440,1903,0,254,1.411,0.3954596412556054,0.0,0.45166666666666666,305.8114812189936,1000.0,0.5333520179372198,0.3991721510739079,51,20
link_lifetime,synthetic-20260833,controlled_synthetic_motion,20260833,5,12.0,3568,1445,513,1878,0,245,1.445,0.4049887892376682,0.0,0.45166666666666666,308.5121107266436,979.9999999999955,0.5263452914798207,0.4057218137957367,60,20
oracle,synthetic-20260833,controlled_synthetic_motion,20260833,5,12.0,3568,1418,445,1903,0,247,1.418,0.39742152466367714,0.0,0.45166666666666666,308.95627644569817,1000.0,0.5333520179372198,0.4022566273424012,48,20
reactive_greedy,synthetic-20260834,controlled_synthetic_motion,20260834,5,12.0,3640,2745,52,801,0,94,2.745,0.7541208791208791,0.0,0.2966666666666667,209.39890710382514,500.0,0.22005494505494505,0.5043546039524268,115,20
predictive_utility,synthetic-20260834,controlled_synthetic_motion,20260834,5,12.0,3640,2610,822,859,0,171,2.61,0.717032967032967,0.0,0.2966666666666667,502.37547892720306,1000.0,0.23598901098901098,0.5011823079062335,95,20
link_lifetime,synthetic-20260834,controlled_synthetic_motion,20260834,5,12.0,3640,2670,806,784,0,186,2.67,0.7335164835164835,0.0,0.2966666666666667,418.83895131086143,900.0,0.2153846153846154,0.519893554877653,96,20
oracle,synthetic-20260834,controlled_synthetic_motion,20260834,5,12.0,3640,2569,834,887,0,184,2.569,0.7057692307692308,0.0,0.2966666666666667,511.1716621253406,1000.0,0.24368131868131868,0.5030970940135757,93,20
reactive_greedy,synthetic-20260835,controlled_synthetic_motion,20260835,5,12.0,3492,2158,213,1184,0,150,2.158,0.6179839633447881,0.0,0.2,234.6153846153846,600.0000000000001,0.33906071019473083,0.5191351322428104,114,20
predictive_utility,synthetic-20260835,controlled_synthetic_motion,20260835,5,12.0,3492,2153,2258,1189,0,150,2.153,0.6165521191294387,0.0,0.2,520.204366000929,1000.0,0.3404925544100802,0.5270675627351199,90,20
link_lifetime,synthetic-20260835,controlled_synthetic_motion,20260835,5,12.0,3492,2003,2400,1194,0,295,2.003,0.5735967926689576,0.0,0.2,503.7943085371942,1000.0,0.34192439862542956,0.5249771173560683,87,20
oracle,synthetic-20260835,controlled_synthetic_motion,20260835,5,12.0,3492,2036,2381,1193,0,263,2.036,0.5830469644902635,0.0,0.2,529.3713163064833,1000.0,0.3416380297823597,0.535520218481815,88,20
reactive_greedy,synthetic-20260836,controlled_synthetic_motion,20260836,5,12.0,3635,2502,567,1039,0,94,2.502,0.6883081155433287,0.0,0.4166666666666667,281.0951239008793,1000.0,0.2858321870701513,0.34117791326783375,57,20
predictive_utility,synthetic-20260836,controlled_synthetic_motion,20260836,5,12.0,3635,2560,1605,981,0,94,2.56,0.7042640990371389,0.0,0.4166666666666667,435.546875,1100.0,0.2698762035763411,0.35114133256464014,80,20
link_lifetime,synthetic-20260836,controlled_synthetic_motion,20260836,5,12.0,3635,2558,1661,979,0,98,2.558,0.7037138927097661,0.0,0.4166666666666667,451.44644253322906,1100.0,0.2693259972489684,0.3529621440434816,79,20
oracle,synthetic-20260836,controlled_synthetic_motion,20260836,5,12.0,3635,2560,1605,981,0,94,2.56,0.7042640990371389,0.0,0.4166666666666667,435.546875,1100.0,0.2698762035763411,0.35114133256464014,80,20
reactive_greedy,synthetic-20260837,controlled_synthetic_motion,20260837,5,12.0,3554,1575,127,1631,0,348,1.575,0.44316263365222286,0.0,0.265,229.0793650793651,500.0,0.45891952729319074,0.7251519000477954,81,20
predictive_utility,synthetic-20260837,controlled_synthetic_motion,20260837,5,12.0,3554,1567,134,1639,0,348,1.567,0.4409116488463703,0.0,0.265,273.58008934269304,700.0000000000001,0.4611705120990433,0.7297220030520377,67,20
link_lifetime,synthetic-20260837,controlled_synthetic_motion,20260837,5,12.0,3554,1560,1188,1646,0,348,1.56,0.4389420371412493,0.0,0.265,329.2307692307692,900.0,0.4631401238041643,0.7296473191397501,83,20
oracle,synthetic-20260837,controlled_synthetic_motion,20260837,5,12.0,3554,1567,134,1639,0,348,1.567,0.4409116488463703,0.0,0.265,273.3248245054244,700.0000000000001,0.4611705120990433,0.7297220030520377,69,20
reactive_greedy,synthetic-20260838,controlled_synthetic_motion,20260838,5,12.0,3618,2609,359,899,0,110,2.609,0.7211166390270868,0.0,0.27666666666666667,280.7589114603296,900.0,0.24847982310668879,0.4608796272002952,92,20
predictive_utility,synthetic-20260838,controlled_synthetic_motion,20260838,5,12.0,3618,2645,954,852,0,121,2.645,0.7310668877833056,0.0,0.27666666666666667,391.07750472589794,900.0,0.23548922056384744,0.4663980909479694,99,20
link_lifetime,synthetic-20260838,controlled_synthetic_motion,20260838,5,12.0,3618,2651,971,858,0,109,2.651,0.7327252625760089,0.0,0.27666666666666667,370.76574877404755,950.0,0.23714759535655058,0.46766097345842356,100,20
oracle,synthetic-20260838,controlled_synthetic_motion,20260838,5,12.0,3618,2645,954,852,0,121,2.645,0.7310668877833056,0.0,0.27666666666666667,391.07750472589794,900.0,0.23548922056384744,0.4663980909479694,99,20
